id,first_name,last_name,bank,city,salary,expences
1,Lindon,Stebbin,FIRST NATIONAL BANK,Paris 04,3673.89,1641.08
2,Brenna,Kernar,PNC BANK,Zhangbagou,4599.07,1814.98
3,Gabriello,Challener,GREAT WESTERN BANK,Rio,3553.77,855.54
4,Wilow,Carlan,MAINSOURCE BANK,Mazamet,3182.19,644.97
5,Amalee,Knocker,LIBERTY BANK,Kumamoto,2418.49,1664.68
6,Milty,Raigatt,BMO HARRIS BANK,Chambar,3507.95,2122.24
7,Suki,Coneron,International Asset Bank AD,Malaba,4535.69,1606.48
8,Papagena,Glenn,Raiffeisenbank Bidingen eG,Chak Two Hundred Forty-Nine TDA,2458.99,2027.39
9,Melamie,Titchener,GREAT SOUTHERN BANK,Al Bīrah,1744.14,2276.54
10,Christopher,Jacobssen,JPMORGAN CHASE,Aygezard,3940.78,910.73
11,Eliza,Heaslip,Raiffeisenlandesbank Burgenland und Revisionsverband eGen,Lukulu,2654.46,1656.9
12,Abagael,Laise,REGIONS BANK,Bayt Maqdūm,2403.29,672.83
13,Valma,Gwillym,PINNACLE BANK,Pagarbatu,4781.26,1206.53
14,Bobine,Normanvill,FIRST NATIONAL BANK,Loučeň,1790.72,600.18
15,Vasilis,Hairsnape,BANCO BPM SOCIETA' PER AZIONI,Lagos,3724.6,2146.69
16,Neel,Puleque,FIRST NATIONAL BANK,Norrtälje,1635.83,1328.7
17,Quent,Edelheit,M & T BANK,Ouro Branco,2015.61,1117.28
18,Ruthie,Prewett,FIRST COMMUNITY BANK,Liangchahe,4327.39,792.91
19,Saundra,Chadbourne,FIRST STATE BANK,Géfyra,3212.8,964.14
20,Terrye,Dytham,CEC BANK S.A.,Guimarei,2884.19,1044.73
21,Torr,Minnette,PNC BANK,Filiátes,2026.92,802.7
22,Charles,Smye,Raiffeisenbank Wipptal - Stubaital Mitte eGen,Bánov,2303.74,1786.53
23,Sasha,Poll,CAPITAL CITY BANK,Ccuntuma,4698.67,893.41
24,Anatola,Placidi,WELLS FARGO BANK,Bảo Lộc,3437.52,552.34
25,Bank,Rigmond,UNITED BANK,Xichehe,3841.82,1152.85
26,Felix,Delahunt,Raiffeisenbank Region Wiener Alpen eGen,Las Vegas,4446.29,1336.97
27,Hartley,Phillins,M & T BANK,Banjar Cemenggon,4683.58,1802.87
28,Elena,Capper,Banque Chaabi du Maroc,Castlebridge,1908.36,2462.51
29,Kristyn,Adnet,Raiffeisenbank Regenstauf eG,Palaihari,3938.18,707.12
30,Dusty,Mateuszczyk,PROSPERITY BANK,Hutang,3459.42,2149.62
31,Gun,Stubbeley,ProCredit Bank AG,Providence,2206.05,1158.7
32,Ashby,Danelutti,Société Générale Luxembourg,Skopin,2471.83,1315.66
33,Belvia,Blennerhassett,Enity Bank Group AB (publ),Otun,3995.94,1175.57
34,Lizzy,Hail,FIRST BANK,Malusac,4114.06,898.51
35,Holt,Voas,MUFG UNION BANK,Kafr az Zayyāt,4969.73,1560.35
36,Nerta,Glason,Kärntner Sparkasse Aktiengesellschaft,Gaopai,4914.2,642.53
37,Tabina,Banes,Dell Bank International Designated Activity Company,Boracéia,2246.96,1211.7
38,Reiko,McCallum,BANCO BPM SOCIETA' PER AZIONI,Ukhta,2116.56,1924.98
39,Peg,Palffrey,COMPASS BANK,Cork,3556.58,836.7
40,Wiley,Daout,Volksbank Winsener Marsch eG,Kukur,2257.8,1341.6
41,Eba,Chander,"Raiffeisenbank Grafenstein-Magdalensberg und Umgebung, registrierte Genossenschaft mit beschränkter Haftung",Tamansari,4196.88,1084.18
42,Pascal,Janicek,FIFTH THIRD BANK,Zvenigorod,3044.39,1025.52
43,Bibbye,Trevallion,Intesa Sanpaolo Wealth Management,San Bernardo,2515.01,553.31
44,Florrie,Huntress,BMO HARRIS BANK,Sinait,1682.48,694.41
45,Vernice,Laite,WESBANCO BANK INC,Ängelholm,1663.23,1272.07
46,Natty,Buxcy,BANCA NAZIONALE DEL LAVORO S.P.A. (IN FORMA CONTRATTA BNL S.P.A.),Lodoyo,1780.21,1971.03
47,Karney,Gartan,ZURICH ITALY BANK S.P.A.,Wangcao,3550.19,2316.86
48,Lorrayne,Merigeau,WESBANCO BANK INC,San Alberto,4454.95,1529.97
49,Walsh,Cicculini,COMMUNITY BANK,Suruhwadang,4270.82,2441.53
50,Hana,Sterley,BANCO BPM SOCIETA' PER AZIONI,Tabwakea Village,3370.4,1978.91
